coverage,fetal_fraction,state,mean,variance
500,0.01,1,499.99787,990.6897923610129
500,0.01,2,502.49457,993.2188027031951
500,0.02,1,500.04284,982.3869086034754
500,0.02,2,505.04299,987.996021820102
500,0.03,1,499.84802,969.53851746481
500,0.03,2,507.35469,977.296897972901
500,0.04,1,500.0351,963.1691996820593
500,0.04,2,510.03928,973.6718337999532
500,0.05,1,500.13866,947.3577869822751
500,0.05,2,512.64276,960.0352399347752
500,0.06,1,499.7617,948.2149552595789
500,0.06,2,514.76623,964.4872864599649
500,0.07,1,499.97441,931.3391285431696
500,0.07,2,517.47225,951.222542162931
500,0.08,1,499.90847,924.47553701449
500,0.08,2,519.90548,946.1399073686894
500,0.09,1,499.89601,918.939365473545
500,0.09,2,522.42232,942.6592324097916
500,0.1,1,499.87428,912.2661971435723
500,0.1,2,524.87706,939.5736014924138
500,0.11,1,499.97247,907.8828709277852
500,0.11,2,527.46388,939.2611679571131
500,0.12,1,499.97789,896.5885870337747
500,0.12,2,529.97126,930.769701709348
500,0.13,1,499.96073,888.2191700589447
500,0.13,2,532.48354,926.4080931493792
500,0.14,1,499.9026,880.0865341053101
500,0.14,2,534.88882,919.6870958772188
500,0.15,1,500.1729,878.2055476454791
500,0.15,2,537.6664,923.3132641725966
500,0.16,1,500.11556,864.7367732541286
500,0.16,2,540.14172,909.3429488710202
500,0.17,1,499.90631,855.6025282092005
500,0.17,2,542.38834,906.5790978353383
500,0.18,1,500.06903,854.864373502784
500,0.18,2,545.04496,907.7686362847794
500,0.19,1,499.99433,850.1850997020769
500,0.19,2,547.49453,908.6555566346397
500,0.2,1,500.03808,843.2047819614016
500,0.2,2,550.05729,903.6960648165867
1000,0.01,1,999.87865,1962.0462446399158
1000,0.01,2,1004.88307,1966.393241307552
1000,0.02,1,999.64809,1957.7368467203773
1000,0.02,2,1009.64791,1968.5188478204566
1000,0.03,1,999.86927,1924.23838205101
1000,0.03,2,1014.86018,1940.1935923035403
1000,0.04,1,999.80844,1928.5087898543009
1000,0.04,2,1019.8128,1948.2310384704028
1000,0.05,1,999.86371,1904.6929219651327
1000,0.05,2,1024.85978,1929.5647939995556
1000,0.06,1,1000.22879,1890.185866993698
1000,0.06,2,1030.22878,1923.2680923925075
1000,0.07,1,1000.18427,1858.3950785178733
1000,0.07,2,1035.17807,1896.5208062832367
1000,0.08,1,999.85162,1857.0153935295052
1000,0.08,2,1039.84474,1899.949193824312
1000,0.09,1,1000.27312,1833.8846643122358
1000,0.09,2,1045.26731,1883.8567539314013
1000,0.1,1,1000.11635,1815.9707123847083
1000,0.1,2,1050.14433,1875.5601944530174
1000,0.11,1,999.97214,1805.7301211216059
1000,0.11,2,1055.02182,1869.9918038056203
1000,0.12,1,1000.09856,1798.4359502858524
1000,0.12,2,1060.09044,1864.6353069595207
1000,0.13,1,999.84103,1779.1845703847496
1000,0.13,2,1064.82434,1854.3016065805177
1000,0.14,1,1000.15485,1756.0371318488253
1000,0.14,2,1070.13721,1832.9420128360541
1000,0.15,1,1000.10696,1739.3194927532786
1000,0.15,2,1075.11111,1829.1603561715126
1000,0.16,1,1000.1441,1748.8259434494132
1000,0.16,2,1080.15841,1843.3084093560078
1000,0.17,1,999.87627,1729.2122130092432
1000,0.17,2,1084.81109,1828.7686306979342
1000,0.18,1,999.73492,1696.982402417701
1000,0.18,2,1089.7398,1805.8495144551453
1000,0.19,1,999.85705,1688.1150964484086
1000,0.19,2,1094.9117,1803.3157362673796
1000,0.2,1,1000.05319,1686.1915227390941
1000,0.2,2,1100.02072,1811.2062427440744
1500,0.01,1,1499.92406,2985.8712918292845
1500,0.01,2,1507.43015,2994.5967069445674
1500,0.02,1,1500.14064,2945.372314113567
1500,0.02,2,1515.14207,2960.8785149002065
1500,0.03,1,1499.76724,2903.9393621760637
1500,0.03,2,1522.26962,2925.9951250068284
1500,0.04,1,1500.24136,2898.75821293253
1500,0.04,2,1530.20687,2929.2341871449185
1500,0.05,1,1499.94768,2873.317375791264
1500,0.05,2,1537.44287,2911.501011172939
1500,0.06,1,1500.11197,2834.6523792424255
1500,0.06,2,1545.10722,2882.194425815771
1500,0.07,1,1500.05846,2822.0359227876206
1500,0.07,2,1552.54804,2875.7343895023323
1500,0.08,1,1499.8106,2774.936417004112
1500,0.08,2,1559.78955,2838.108921886307
1500,0.09,1,1500.20237,2746.1020974041553
1500,0.09,2,1567.7069,2817.6075884659217
1500,0.1,1,1500.13006,2729.05911498767
1500,0.1,2,1575.14059,2811.00007445262
1500,0.11,1,1500.21542,2701.12098543348
1500,0.11,2,1582.68704,2793.391869957098
1500,0.12,1,1500.0053,2707.4817667278453
1500,0.12,2,1589.98701,2808.176483024957
1500,0.13,1,1499.95982,2639.353339100899
1500,0.13,2,1597.4236,2751.3336963768697
1500,0.14,1,1499.92345,2648.9511196087137
1500,0.14,2,1604.91926,2774.355484607248
1500,0.15,1,1499.99763,2624.396928352326
1500,0.15,2,1612.51277,2749.6542334694554
1500,0.16,1,1499.93653,2601.6616981760862
1500,0.16,2,1619.96887,2739.0160710837813
1500,0.17,1,1500.10947,2592.717093490129
1500,0.17,2,1627.65598,2740.9373396130013
1500,0.18,1,1500.00122,2546.5418839305025
1500,0.18,2,1634.99739,2705.0156333441473
1500,0.19,1,1500.20032,2522.634338241059
1500,0.19,2,1642.79301,2695.213897278938
1500,0.2,1,1499.88745,2515.664019137599
1500,0.2,2,1649.80833,2689.8114307254546
2000,0.01,1,1999.80113,3958.6260869838925
2000,0.01,2,2009.8097,3967.320799117956
2000,0.02,1,2000.04859,3935.132440336305
2000,0.02,2,2020.06614,3958.40320953249
2000,0.03,1,2000.01566,3870.309297857336
2000,0.03,2,2030.02412,3904.4668628944078
2000,0.04,1,2000.22839,3848.139229400213
2000,0.04,2,2040.20192,3889.180660120057
2000,0.05,1,1999.69167,3828.000282613912
2000,0.05,2,2049.70933,3878.7402083543648
2000,0.06,1,1999.43337,3739.8654390974807
2000,0.06,2,2059.4473,3806.5555482655072
2000,0.07,1,1999.80289,3722.280360451405
2000,0.07,2,2069.8215,3799.924196991882
2000,0.08,1,1999.78036,3669.385432124421
2000,0.08,2,2079.7829,3749.7513251032924
2000,0.09,1,2000.02463,3672.9619129821813
2000,0.09,2,2090.01805,3776.52106940803
2000,0.1,1,1999.84155,3656.2380259799943
2000,0.1,2,2099.89177,3762.797944246515
2000,0.11,1,1999.69862,3598.7229973256804
2000,0.11,2,2109.6989,3712.188780677768
2000,0.12,1,2000.39299,3566.8701175610954
2000,0.12,2,2120.37716,3707.385864193122
2000,0.13,1,1999.95707,3542.137648391573
2000,0.13,2,2129.94341,3698.342290994848
2000,0.14,1,2000.21359,3511.808047392414
2000,0.14,2,2140.19615,3665.5083302608327
2000,0.15,1,1999.95395,3489.811587513255
2000,0.15,2,2149.89989,3666.402692015171
2000,0.16,1,1999.78727,3470.8854048011326
2000,0.16,2,2159.71602,3656.992245282526
2000,0.17,1,2000.02698,3433.7890899705367
2000,0.17,2,2170.02354,3630.4098699670462
2000,0.18,1,2000.07213,3411.0667979311106
2000,0.18,2,2180.0298,3621.120263162718
2000,0.19,1,1999.9702,3359.043562395669
2000,0.19,2,2189.94962,3581.1337331929526
2000,0.2,1,1999.92484,3365.116762142132
2000,0.2,2,2199.88263,3599.065824941427
2500,0.01,1,2499.66637,4934.377964802421
2500,0.01,2,2512.17324,4945.393981841086
2500,0.02,1,2499.70049,4878.991233672163
2500,0.02,2,2524.68775,4903.177741714896
2500,0.03,1,2500.03159,4862.674238814285
2500,0.03,2,2537.50665,4899.466390441346
2500,0.04,1,2500.35742,4827.644927392892
2500,0.04,2,2550.39145,4885.08702776783
2500,0.05,1,2500.09213,4795.985401917089
2500,0.05,2,2562.61967,4868.291342004494
2500,0.06,1,2499.9469,4706.6288066780935
2500,0.06,2,2574.99104,4787.051670235139
2500,0.07,1,2499.88863,4678.175448477558
2500,0.07,2,2587.41353,4767.8275812149795
2500,0.08,1,2499.95724,4612.030311885547
2500,0.08,2,2599.97207,4719.7799077155
2500,0.09,1,2500.2022,4556.002595185914
2500,0.09,2,2612.70016,4678.89558493022
2500,0.1,1,2500.08293,4583.419866813813
2500,0.1,2,2625.06724,4728.946568248054
2500,0.11,1,2499.88946,4524.127342181911
2500,0.11,2,2637.36012,4668.9912634981465
2500,0.12,1,2499.95325,4462.595190389572
2500,0.12,2,2649.93726,4623.0237539297905
2500,0.13,1,2500.19767,4411.650093072076
2500,0.13,2,2662.65353,4597.878247321549
2500,0.14,1,2499.56134,4379.611933523677
2500,0.14,2,2674.5912,4568.490407464102
2500,0.15,1,2499.58132,4365.687703934845
2500,0.15,2,2687.07295,4586.601474312162
2500,0.16,1,2499.7591,4323.833425524224
2500,0.16,2,2699.7404,4567.4246020861365
2500,0.17,1,2499.76518,4281.8979185468415
2500,0.17,2,2712.29248,4533.796993419554
2500,0.18,1,2500.20096,4273.893814016578
2500,0.18,2,2725.17549,4548.284676106596
2500,0.19,1,2500.09043,4239.373306149026
2500,0.19,2,2737.61282,4521.261404261622
2500,0.2,1,2500.18934,4191.133161696049
2500,0.2,2,2750.11282,4489.456406211568
3000,0.01,1,2999.8188,5986.998216542146
3000,0.01,2,3014.82338,6003.959984975534
3000,0.02,1,2999.86169,5945.796998313895
3000,0.02,2,3029.88863,5970.9581163042485
3000,0.03,1,3000.24769,5820.066160325635
3000,0.03,2,3045.2699,5864.407698067028
3000,0.04,1,2999.9139,5817.989266682763
3000,0.04,2,3059.89438,5884.039584811442
3000,0.05,1,2999.79775,5754.941574353348
3000,0.05,2,3074.81422,5834.00508584254
3000,0.06,1,3000.09735,5622.499617973706
3000,0.06,2,3090.12869,5720.881717701093
3000,0.07,1,2999.87266,5637.618020704625
3000,0.07,2,3104.86446,5749.500283911084
3000,0.08,1,2999.75404,5507.888802566388
3000,0.08,2,3119.76088,5640.460486230458
3000,0.09,1,3000.22842,5524.156425867851
3000,0.09,2,3135.25554,5671.188931197701
3000,0.1,1,2999.82684,5437.736512979546
3000,0.1,2,3149.86532,5600.922430521872
3000,0.11,1,2999.78242,5377.114550089068
3000,0.11,2,3164.81472,5567.212183443435
3000,0.12,1,3000.31951,5381.391037270348
3000,0.12,2,3180.38977,5581.763546982476
3000,0.13,1,2999.86762,5323.392789463533
3000,0.13,2,3194.80773,5531.289555142727
3000,0.14,1,2999.6276,5278.60966433663
3000,0.14,2,3209.64795,5522.259993397093
3000,0.15,1,2999.86487,5236.639356276675
3000,0.15,2,3224.78346,5495.437624804761
3000,0.16,1,3000.20667,5211.430811819153
3000,0.16,2,3240.27053,5501.290216421282
3000,0.17,1,2999.85176,5148.45974950209
3000,0.17,2,3254.90721,5439.458514601001
3000,0.18,1,3000.1433,5118.010865218628
3000,0.18,2,3270.15943,5436.002652101588
3000,0.19,1,3000.33543,5066.296439679448
3000,0.19,2,3285.39416,5409.637774272156
3000,0.2,1,2999.87862,5065.243599331628
3000,0.2,2,3299.80473,5435.309652723633
3500,0.01,1,3500.15339,6930.0159216670745
3500,0.01,2,3517.67237,6947.6353249363265
3500,0.02,1,3499.91174,6888.288693059404
3500,0.02,2,3534.9598,6926.389147850841
3500,0.03,1,3499.95162,6784.987849254003
3500,0.03,2,3552.45839,6832.492793535795
3500,0.04,1,3500.27056,6775.4934322207655
3500,0.04,2,3570.30544,6837.303319439619
3500,0.05,1,3500.40245,6701.634420341778
3500,0.05,2,3587.86775,6796.54934543106
3500,0.06,1,3499.96483,6555.197425045416
3500,0.06,2,3604.98903,6663.121940878534
3500,0.07,1,3500.11066,6540.712681491335
3500,0.07,2,3622.62691,6669.983613688083
3500,0.08,1,3500.30539,6436.828635234238
3500,0.08,2,3640.34518,6578.1821125887145
3500,0.09,1,3500.17621,6455.654296578886
3500,0.09,2,3657.64726,6622.426378755963
3500,0.1,1,3499.60686,6397.089011830537
3500,0.1,2,3674.63203,6582.136549444587
3500,0.11,1,3500.3806,6309.449018130227
3500,0.11,2,3692.91129,6528.8756292922635
3500,0.12,1,3500.05862,6287.369257388135
3500,0.12,2,3710.04169,6511.332585269785
3500,0.13,1,3499.69373,6238.735896045974
3500,0.13,2,3727.30544,6501.55916199805
3500,0.14,1,3499.9093,6218.2300358103585
3500,0.14,2,3744.89335,6496.729043068073
3500,0.15,1,3499.91092,6080.753252286227
3500,0.15,2,3762.38385,6375.252681704406
3500,0.16,1,3499.94931,6065.136411887972
3500,0.16,2,3779.85836,6396.620224312719
3500,0.17,1,3500.08941,5999.565031502091
3500,0.17,2,3797.59375,6353.40076494515
3500,0.18,1,3500.27718,5924.9574608221765
3500,0.18,2,3815.31801,6301.5191148311
3500,0.19,1,3499.77371,5965.660919445123
3500,0.19,2,3832.38876,6347.852744189796
3500,0.2,1,3499.86395,5840.00646046176
3500,0.2,2,3849.86609,6261.21679027983
4000,0.01,1,3999.92654,7931.374257370831
4000,0.01,2,4019.92495,7954.402741524932
4000,0.02,1,4000.06418,7766.881249740128
4000,0.02,2,4040.05183,7808.43470799878
4000,0.03,1,3999.66287,7787.457787940981
4000,0.03,2,4059.70332,7849.700057978016
4000,0.04,1,4000.22867,7698.026380295008
4000,0.04,2,4080.25896,7787.708036798807
4000,0.05,1,4000.30524,7651.346342005522
4000,0.05,2,4100.32268,7764.574623363558
4000,0.06,1,3999.72329,7534.92069078285
4000,0.06,2,4119.68724,7672.5574667571
4000,0.07,1,3999.46198,7452.770062180205
4000,0.07,2,4139.41838,7613.824896424611
4000,0.08,1,3999.8576,7462.874530985305
4000,0.08,2,4159.82358,7621.419590179516
4000,0.09,1,4000.35189,7375.737880806629
4000,0.09,2,4180.37512,7574.264267628462
4000,0.1,1,4000.53847,7241.7843779036575
4000,0.1,2,4200.6043,7462.924530755228
4000,0.11,1,4000.0841,7208.787775067764
4000,0.11,2,4220.16086,7435.6859009193695
4000,0.12,1,4000.05488,7162.521653402106
4000,0.12,2,4240.00382,7428.906774475145
4000,0.13,1,4000.15509,7085.590212994018
4000,0.13,2,4260.19124,7376.3493307561
4000,0.14,1,3999.7426,7072.002905268992
4000,0.14,2,4279.75458,7382.6683557071565
4000,0.15,1,3999.94702,6943.654249662217
4000,0.15,2,4300.04744,7316.374973196121
4000,0.16,1,3999.79244,6888.6912457587605
4000,0.16,2,4319.74287,7253.2974071367325
4000,0.17,1,4000.03478,6929.01350048658
4000,0.17,2,4339.95124,7324.265005112481
4000,0.18,1,3999.92805,6809.177464972299
4000,0.18,2,4359.86384,7231.793698391294
4000,0.19,1,4000.34777,6724.79837401097
4000,0.19,2,4380.37484,7172.173716711518
4000,0.2,1,3999.99355,6708.554113938592
4000,0.2,2,4400.0152,7186.396452924515
4500,0.01,1,4499.83776,8927.368511868208
4500,0.01,2,4522.3437,8950.295053260665
4500,0.02,1,4499.71231,8770.326387727748
4500,0.02,2,4544.66528,8814.549048012132
4500,0.03,1,4499.89839,8784.407069478584
4500,0.03,2,4567.41543,8852.672714642395
4500,0.04,1,4500.10111,8626.726674034615
4500,0.04,2,4590.11431,8709.482878052939
4500,0.05,1,4500.21176,8573.045328155833
4500,0.05,2,4612.6972,8691.944971609482
4500,0.06,1,4500.13027,8518.73052703226
4500,0.06,2,4635.17471,8673.726463680046
4500,0.07,1,4500.00367,8451.4198507297
4500,0.07,2,4657.53404,8619.164372921916
4500,0.08,1,4500.37893,8320.184723902295
4500,0.08,2,4680.41782,8518.653732984772
4500,0.09,1,4499.83434,8215.235989124498
4500,0.09,2,4702.34696,8436.153260290741
4500,0.1,1,4500.01823,8169.064728314281
4500,0.1,2,4725.04372,8417.685365415418
4500,0.11,1,4500.20261,8101.576774955585
4500,0.11,2,4747.73612,8390.06568800234
4500,0.12,1,4500.31812,8024.774587411617
4500,0.12,2,4770.23748,8324.413167381186
4500,0.13,1,4499.6691,8005.440259592733
4500,0.13,2,4792.24119,8336.462622010116
4500,0.14,1,4499.79867,7908.621422445374
4500,0.14,2,4814.81851,8285.317184551737
4500,0.15,1,4499.88257,7838.939569590972
4500,0.15,2,4837.42693,8221.75289830394
4500,0.16,1,4500.04012,7789.3512838983515
4500,0.16,2,4859.87565,8198.564872725794
4500,0.17,1,4500.10766,7786.343312757487
4500,0.17,2,4882.46719,8246.174685250528
4500,0.18,1,4499.40951,7698.518736747703
4500,0.18,2,4904.39448,8178.186627395879
4500,0.19,1,4499.89014,7601.0146209266095
4500,0.19,2,4927.37599,8109.802219542069
4500,0.2,1,4499.47989,7562.066296250913
4500,0.2,2,4949.52121,8097.04416057755
5000,0.01,1,4999.54073,9856.940490472009
5000,0.01,2,5024.55316,9879.018224196667
5000,0.02,1,4999.04603,9779.663287872057
5000,0.02,2,5049.03705,9830.582683124268
5000,0.03,1,4999.74923,9673.808722494488
5000,0.03,2,5074.76656,9758.22762804213
5000,0.04,1,4999.68779,9679.278207697793
5000,0.04,2,5099.65193,9776.643803713328
5000,0.05,1,5000.09848,9573.623917928739
5000,0.05,2,5125.16629,9705.285150487534
5000,0.06,1,4999.99057,9532.141242487383
5000,0.06,2,5149.98369,9693.156135545207
5000,0.07,1,5000.2728,9327.967759837584
5000,0.07,2,5175.20789,9514.544817196205
5000,0.08,1,5000.19778,9270.797311044907
5000,0.08,2,5200.22807,9478.012274197912
5000,0.09,1,4999.54061,9151.668027508185
5000,0.09,2,5224.4995,9409.183551585324
5000,0.1,1,4999.96039,9069.681177859593
5000,0.1,2,5250.0117,9342.164504755241
5000,0.11,1,5000.20334,8992.16303447489
5000,0.11,2,5275.19399,9280.798025860116
5000,0.12,1,4999.63393,8970.764370398841
5000,0.12,2,5299.67006,9291.958219177928
5000,0.13,1,5000.16332,8855.157698154562
5000,0.13,2,5325.14723,9218.847881805952
5000,0.14,1,4999.40156,8762.384013408062
5000,0.14,2,5349.29777,9173.370776735135
5000,0.15,1,5000.03621,8709.082109656922
5000,0.15,2,5375.04855,9148.730800205269
5000,0.16,1,5000.43787,8656.323303095995
5000,0.16,2,5400.44949,9125.454063280471
5000,0.17,1,4999.96103,8640.558936928457
5000,0.17,2,5424.984,9144.23830638303
5000,0.18,1,4999.77395,8560.081812215483
5000,0.18,2,5449.81165,9090.83780265561
5000,0.19,1,4999.94773,8428.560803455144
5000,0.19,2,5474.96673,8994.921272319863
5000,0.2,1,5000.03251,8378.28513595135
5000,0.2,2,5500.06929,8974.964958545364
5500,0.01,1,5499.88639,10999.847681244459
5500,0.01,2,5527.37545,11029.4517618152
5500,0.02,1,5499.95805,10748.830518502495
5500,0.02,2,5554.958,10803.582651826397
5500,0.03,1,5499.77161,10643.761945627273
5500,0.03,2,5582.23824,10735.186773570227
5500,0.04,1,5500.15176,10620.284491747341
5500,0.04,2,5610.18501,10733.80409934132
5500,0.05,1,5500.37544,10499.68672167339
5500,0.05,2,5637.87006,10643.073926335534
5500,0.06,1,5500.3189,10430.912671916738
5500,0.06,2,5665.32688,10594.235471819835
5500,0.07,1,5500.53896,10292.105983178193
5500,0.07,2,5693.01123,10494.03820426921
5500,0.08,1,5499.76681,10198.371936131583
5500,0.08,2,5719.79368,10446.457636634224
5500,0.09,1,5499.80313,10137.356665769876
5500,0.09,2,5747.36294,10395.150366060323
5500,0.1,1,5499.99732,10029.25282534582
5500,0.1,2,5774.90407,10319.654483980054
5500,0.11,1,5500.62735,9906.971451692203
5500,0.11,2,5803.04206,10259.288103837605
5500,0.12,1,5500.30327,9870.995587262592
5500,0.12,2,5830.277,10245.622587226024
5500,0.13,1,5500.12388,9767.5703294487
5500,0.13,2,5857.62111,10179.160983977785
5500,0.14,1,5499.63185,9698.704462622094
5500,0.14,2,5884.67243,10131.071118605962
5500,0.15,1,5500.05708,9537.060432477905
5500,0.15,2,5912.4401,10017.321945209338
5500,0.16,1,5499.83285,9532.18917276943
5500,0.16,2,5939.7563,10037.236702676964
5500,0.17,1,5500.27927,9472.567803945165
5500,0.17,2,5967.66225,10000.98162475398
5500,0.18,1,5500.04751,9454.892681726693
5500,0.18,2,5995.22969,10046.632818832044
5500,0.19,1,5500.32517,9340.598020451147
5500,0.19,2,6022.95505,9945.416243659834
5500,0.2,1,5499.87409,9233.095207623417
5500,0.2,2,6049.98314,9877.027186012261
6000,0.01,1,5999.51548,11955.966360033126
6000,0.01,2,6029.53122,11987.605181363353
6000,0.02,1,5999.98004,11812.31958479422
6000,0.02,2,6060.0034,11871.764186082033
6000,0.03,1,6000.63103,11692.178592924853
6000,0.03,2,6090.63452,11785.301457384114
6000,0.04,1,6000.03907,11499.991903454182
6000,0.04,2,6120.08394,11626.49671904355
6000,0.05,1,6000.05462,11486.883225487916
6000,0.05,2,6150.04939,11650.18353246302
6000,0.06,1,5999.45762,11285.241276348439
6000,0.06,2,6179.36603,11487.762489664105
6000,0.07,1,5999.96765,11198.714570622196
6000,0.07,2,6209.91597,11426.794216901415
6000,0.08,1,6000.07004,11140.893143329778
6000,0.08,2,6240.09386,11406.302733327739
6000,0.09,1,5999.39803,10955.31921531163
6000,0.09,2,6269.4028,11257.088523045193
6000,0.1,1,5999.77994,10960.406457661204
6000,0.1,2,6299.82779,11263.562209337757
6000,0.11,1,5999.87219,10823.3755683596
6000,0.11,2,6329.8703,11179.950897419036
6000,0.12,1,6000.12483,10764.467352144675
6000,0.12,2,6360.04956,11167.74248123066
6000,0.13,1,6000.0608,10623.989643256275
6000,0.13,2,6390.05005,11070.743852436044
6000,0.14,1,5999.70003,10518.880556804786
6000,0.14,2,6419.55648,10996.430854317961
6000,0.15,1,6000.27293,10517.05088972408
6000,0.15,2,6450.30499,11051.541106511057
6000,0.16,1,5999.43758,10367.232336066814
6000,0.16,2,6479.39271,10918.320332059391
6000,0.17,1,5999.9017,10360.74482456038
6000,0.17,2,6509.85202,10976.037962299233
6000,0.18,1,5999.87338,10257.60034337907
6000,0.18,2,6539.89343,10920.856561401744
6000,0.19,1,5999.76105,10126.88302172774
6000,0.19,2,6569.86721,10791.844435260351
6000,0.2,1,5999.77596,10132.246108539484
6000,0.2,2,6599.67463,10851.2757571206
6500,0.01,1,6499.9473,12834.200164711825
6500,0.01,2,6532.4473,12859.471577425857
6500,0.02,1,6500.02349,12689.947877699062
6500,0.02,2,6565.06125,12753.378752225906
6500,0.03,1,6500.49442,12569.853087394527
6500,0.03,2,6597.99429,12670.857345969294
6500,0.04,1,6499.57165,12566.491071188118
6500,0.04,2,6629.61743,12701.353283728095
6500,0.05,1,6499.88317,12361.566336414387
6500,0.05,2,6662.40787,12534.111093173813
6500,0.06,1,6500.04192,12268.367006384504
6500,0.06,2,6695.02261,12485.880677594716
6500,0.07,1,6500.03871,12084.7276988128
6500,0.07,2,6727.55926,12318.707195324505
6500,0.08,1,6499.65274,12080.18117230435
6500,0.08,2,6759.71774,12359.874308035454
6500,0.09,1,6500.30347,11934.9653256123
6500,0.09,2,6792.8057,12233.990067410761
6500,0.1,1,6499.56529,11874.620503420865
6500,0.1,2,6824.48841,12242.698232654377
6500,0.11,1,6499.81969,11675.182950133367
6500,0.11,2,6857.32506,12085.829634293043
6500,0.12,1,6499.91996,11585.044224040614
6500,0.12,2,6889.94591,12037.816582437603
6500,0.13,1,6499.95063,11551.461767221652
6500,0.13,2,6922.54499,12026.739043290527
6500,0.14,1,6500.1541,11545.772150911655
6500,0.14,2,6955.19478,12053.521155963284
6500,0.15,1,6500.28758,11336.390461648414
6500,0.15,2,6987.73047,11918.099424573418
6500,0.16,1,6499.75358,11338.716144345035
6500,0.16,2,7019.77301,11932.12602680014
6500,0.17,1,6499.55261,11112.440336586578
6500,0.17,2,7052.02215,11760.13642074168
6500,0.18,1,6499.489,11131.72029620313
6500,0.18,2,7084.51527,11794.669733524393
6500,0.19,1,6499.94119,10995.815189535713
6500,0.19,2,7117.34141,11679.419203404213
6500,0.2,1,6500.27323,10933.767693043974
6500,0.2,2,7150.39279,11708.204488060892
7000,0.01,1,7000.33131,13904.304266726682
7000,0.01,2,7035.34802,13935.339615475807
7000,0.02,1,7000.06062,13786.72011241685
7000,0.02,2,7070.05472,13854.936155083195
7000,0.03,1,6999.26869,13531.113286816346
7000,0.03,2,7104.25387,13640.295702979842
7000,0.04,1,6999.97385,13523.663822815655
7000,0.04,2,7139.92862,13640.779132686746
7000,0.05,1,6999.60074,13360.26269407947
7000,0.05,2,7174.5958,13542.462446984633
7000,0.06,1,7000.56345,13174.49401903776
7000,0.06,2,7210.54109,13397.309064702591
7000,0.07,1,6999.44915,13124.254216819514
7000,0.07,2,7244.45862,13383.7066847625
7000,0.08,1,6999.28475,12969.282160259145
7000,0.08,2,7279.37477,13263.138128828663
7000,0.09,1,7000.17103,12809.287191611069
7000,0.09,2,7315.06836,13138.693193842299
7000,0.1,1,6999.97979,12785.229173847358
7000,0.1,2,7350.07593,13166.750332138321
7000,0.11,1,6999.80948,12544.9531716609
7000,0.11,2,7384.76516,12997.90546922907
7000,0.12,1,7000.50749,12606.121865118044
7000,0.12,2,7420.51311,13079.399282120514
7000,0.13,1,6999.94142,12350.783896222534
7000,0.13,2,7454.84033,12854.72626275373
7000,0.14,1,7000.16858,12365.16239240737
7000,0.14,2,7490.19318,12941.19679345554
7000,0.15,1,7000.04857,12193.978050735628
7000,0.15,2,7524.98572,12785.968555767193
7000,0.16,1,7000.40888,12210.803005175443
7000,0.16,2,7560.5363,12838.803790348053
7000,0.17,1,7000.21419,12059.030542949307
7000,0.17,2,7595.1622,12742.131932479117
7000,0.18,1,7000.17612,11974.18212356679
7000,0.18,2,7630.11914,12709.047396134194
7000,0.19,1,7000.10392,11839.223272866377
7000,0.19,2,7665.01508,12588.553158125236
7000,0.2,1,6999.76851,11806.757209951853
7000,0.2,2,7699.91028,12628.247252793995
7500,0.01,1,7499.70909,14828.253443906466
7500,0.01,2,7537.19648,14866.151757127296
7500,0.02,1,7499.37357,14719.321828673268
7500,0.02,2,7574.39786,14791.049337914701
7500,0.03,1,7500.10891,14588.515513767585
7500,0.03,2,7612.64364,14712.624173792183
7500,0.04,1,7499.94541,14347.252882460913
7500,0.04,2,7649.9841,14494.06550784519
7500,0.05,1,7500.22284,14271.011052444792
7500,0.05,2,7687.67659,14467.984575817782
7500,0.06,1,7499.94485,14220.541793895574
7500,0.06,2,7725.06172,14436.237813019312
7500,0.07,1,7499.81918,14058.098965117395
7500,0.07,2,7762.32088,14335.995875984549
7500,0.08,1,7499.99409,13963.386108932937
7500,0.08,2,7799.98825,14270.84576039517
7500,0.09,1,7500.58114,13701.675113051553
7500,0.09,2,7838.09767,14097.851469085708
7500,0.1,1,7500.54598,13642.583691676493
7500,0.1,2,7875.57592,14045.629472448247
7500,0.11,1,7500.19685,13517.537215449713
7500,0.11,2,7912.62086,13979.733870199312
7500,0.12,1,7500.31726,13497.14377753014
7500,0.12,2,7950.26846,14008.299252221044
7500,0.13,1,7499.52974,13282.332558857832
7500,0.13,2,7987.03938,13798.319672412554
7500,0.14,1,7499.65797,13275.131376792617
7500,0.14,2,8024.65878,13877.1320802325
7500,0.15,1,7499.68075,13121.776847205936
7500,0.15,2,8062.29007,13753.470364098543
7500,0.16,1,7500.26835,13029.279051068032
7500,0.16,2,8100.27509,13711.450990001746
7500,0.17,1,7499.24401,12920.854737667669
7500,0.17,2,8136.87438,13641.40629367863
7500,0.18,1,7499.97912,12785.151335539036
7500,0.18,2,8174.89693,13598.361210187215
7500,0.19,1,7500.09364,12680.222993780048
7500,0.19,2,8212.4648,13527.86385959469
7500,0.2,1,7499.79508,12624.974577539433
7500,0.2,2,8249.68089,13530.799666804594
8000,0.01,1,8000.26362,15845.525019745997
8000,0.01,2,8040.23972,15887.351467836861
8000,0.02,1,7999.7406,15704.312954769595
8000,0.02,2,8079.67639,15781.051137079083
8000,0.03,1,8000.2873,15501.182910538815
8000,0.03,2,8120.29397,15608.52477688975
8000,0.04,1,7999.25393,15484.389653452055
8000,0.04,2,8159.26508,15647.45916718534
8000,0.05,1,8000.26122,15320.456988683047
8000,0.05,2,8200.25468,15531.091409011875
8000,0.06,1,8000.31488,15198.799858584283
8000,0.06,2,8240.40794,15470.665771614049
8000,0.07,1,7999.80002,14954.940637406111
8000,0.07,2,8279.84811,15262.196601394076
8000,0.08,1,8000.2772,14740.668586845804
8000,0.08,2,8320.32943,15065.907504950288
8000,0.09,1,8000.33839,14688.822050428305
8000,0.09,2,8360.43756,15095.286074107078
8000,0.1,1,8000.28439,14551.283425162643
8000,0.1,2,8400.40212,14961.693256437968
8000,0.11,1,7999.6785,14306.98978764779
8000,0.11,2,8439.73048,14783.592074890446
8000,0.12,1,7999.83446,14241.612232630521
8000,0.12,2,8479.78938,14802.320642422252
8000,0.13,1,8000.58341,14210.961512387004
8000,0.13,2,8520.58835,14749.607370351418
8000,0.14,1,7999.97237,14181.648323066347
8000,0.14,2,8560.06363,14822.219283415929
8000,0.15,1,7999.94031,13878.147008574077
8000,0.15,2,8599.91628,14555.3060040215
8000,0.16,1,7999.98416,13902.353772632456
8000,0.16,2,8640.03888,14668.394272288346
8000,0.17,1,7999.9991,13782.531024500347
8000,0.17,2,8680.04825,14603.43783631562
8000,0.18,1,7999.81865,13532.849910676612
8000,0.18,2,8719.88243,14356.560112896106
8000,0.19,1,7999.72447,13502.39951721414
8000,0.19,2,8759.81988,14392.831805103575
8000,0.2,1,8000.05271,13414.500016656195
8000,0.2,2,8800.14392,14386.230049334024
8500,0.01,1,8499.97902,16893.81827802198
8500,0.01,2,8542.44014,16938.052237302698
8500,0.02,1,8500.2911,16614.78844867471
8500,0.02,2,8585.2686,16705.510249142524
8500,0.03,1,8500.56263,16542.353041013655
8500,0.03,2,8628.03339,16665.184326951174
8500,0.04,1,8499.75577,16445.781359520457
8500,0.04,2,8669.75153,16633.00658272456
8500,0.05,1,8500.21653,16252.644811206997
8500,0.05,2,8712.79382,16463.84644827217
8500,0.06,1,8499.79151,15977.461436534355
8500,0.06,2,8754.81683,16245.199430745299
8500,0.07,1,8500.17567,15838.675236803583
8500,0.07,2,8797.52043,16141.764180256749
8500,0.08,1,8500.68729,15801.160834064214
8500,0.08,2,8840.7188,16166.264209201898
8500,0.09,1,8500.56336,15576.787653386658
8500,0.09,2,8883.00443,15960.644956825194
8500,0.1,1,8499.78105,15510.14695236667
8500,0.1,2,8924.79495,15987.346717965185
8500,0.11,1,8500.0354,15368.795594796251
8500,0.11,2,8967.55428,15888.798701668395
8500,0.12,1,8500.12622,15225.561004121573
8500,0.12,2,9009.99695,15800.345544152573
8500,0.13,1,8500.33958,14985.351438937794
8500,0.13,2,9052.89013,15607.783056413635
8500,0.14,1,8500.06454,14947.356208150448
8500,0.14,2,9094.92385,15640.055851736015
8500,0.15,1,8500.33412,14795.584159667065
8500,0.15,2,9137.89346,15539.87186794755
8500,0.16,1,8500.52642,14786.088322866726
8500,0.16,2,9180.50165,15597.828835566104
8500,0.17,1,8500.22221,14552.334936065372
8500,0.17,2,9222.60807,15456.506925944486
8500,0.18,1,8500.16607,14331.106081815882
8500,0.18,2,9265.08631,15206.373824322032
8500,0.19,1,8500.25609,14263.076018672044
8500,0.19,2,9307.95708,15205.209509968892
8500,0.2,1,8500.4886,14276.87419878223
8500,0.2,2,9350.34905,15295.777051868154
9000,0.01,1,9000.36828,17833.687926721024
9000,0.01,2,9045.37306,17871.614242378815
9000,0.02,1,9000.22372,17653.723186593445
9000,0.02,2,9090.24022,17752.00625441448
9000,0.03,1,9000.21022,17589.641523967013
9000,0.03,2,9135.21333,17724.223382544904
9000,0.04,1,8999.58985,17269.962266599825
9000,0.04,2,9179.56757,17445.732411619087
9000,0.05,1,8999.98531,17123.179606000267
9000,0.05,2,9224.94766,17360.61208664521
9000,0.06,1,8999.82819,17031.569207016186
9000,0.06,2,9269.83211,17351.849801445867
9000,0.07,1,8999.88218,16748.207480522517
9000,0.07,2,9314.85211,17061.61807472834
9000,0.08,1,9000.78413,16631.31352327825
9000,0.08,2,9360.82895,17022.480376700907
9000,0.09,1,9000.05668,16542.528532662593
9000,0.09,2,9405.02273,16958.921442561576
9000,0.1,1,9000.51576,16417.502766650006
9000,0.1,2,9450.48457,16947.41565607122
9000,0.11,1,8999.86292,16240.156630638006
9000,0.11,2,9494.99659,16779.86449701702
9000,0.12,1,8999.69126,16165.377433386413
9000,0.12,2,9539.64754,16750.671798666437
9000,0.13,1,8999.96764,16096.021953050185
9000,0.13,2,9584.94801,16758.970376743742
9000,0.14,1,8999.84056,15821.319772084313
9000,0.14,2,9629.75677,16526.44005356742
9000,0.15,1,9000.32148,15743.083441444112
9000,0.15,2,9675.25143,16551.850851463776
9000,0.16,1,9000.24211,15628.481597564198
9000,0.16,2,9720.31895,16480.61876708534
9000,0.17,1,9000.29505,15539.200447502133
9000,0.17,2,9765.44222,16453.85500002164
9000,0.18,1,9000.22568,15332.495093488762
9000,0.18,2,9810.13718,16247.722598873712
9000,0.19,1,8999.99647,15222.327400813048
9000,0.19,2,9855.01423,16237.48458235312
9000,0.2,1,8999.41558,15046.322236485737
9000,0.2,2,9899.50355,16102.93631676064
9500,0.01,1,9500.29919,18944.711262456443
9500,0.01,2,9547.79088,18988.663355459023
9500,0.02,1,9499.72671,18499.996582541862
9500,0.02,2,9594.7608,18593.690180262074
9500,0.03,1,9500.05379,18539.703093666754
9500,0.03,2,9642.62934,18670.314654311023
9500,0.04,1,9500.35444,18319.165383940515
9500,0.04,2,9690.36984,18519.708895463555
9500,0.05,1,9499.83126,18207.077877590767
9500,0.05,2,9737.29185,18459.563829216
9500,0.06,1,9500.30164,17995.60884939913
9500,0.06,2,9785.2785,18294.32738102402
9500,0.07,1,9499.74355,17741.160775005505
9500,0.07,2,9832.25912,18085.88841570982
9500,0.08,1,9500.36946,17583.332352631685
9500,0.08,2,9880.46202,17974.31792069867
9500,0.09,1,9499.50635,17470.9814294918
9500,0.09,2,9926.98367,17915.98454317663
9500,0.1,1,9499.64259,17201.77404583222
9500,0.1,2,9974.68872,17710.22428700435
9500,0.11,1,9500.49599,17069.354917469187
9500,0.11,2,10022.99633,17676.242678957777
9500,0.12,1,9500.03824,17001.486112563292
9500,0.12,2,10070.07724,17576.452538507936
9500,0.13,1,9500.2005,16825.546915219365
9500,0.13,2,10117.75474,17493.134318883844
9500,0.14,1,9499.90497,16782.803647335586
9500,0.14,2,10164.90403,17567.646456223738
9500,0.15,1,9500.81613,16354.743809260282
9500,0.15,2,10213.17772,17198.968205283487
9500,0.16,1,9499.58243,16508.956714861637
9500,0.16,2,10259.53122,17388.57873109913
9500,0.17,1,9499.39512,16349.548295668326
9500,0.17,2,10306.87606,17337.778596662392
9500,0.18,1,9499.35072,16201.604131523012
9500,0.18,2,10354.32061,17180.370462932526
9500,0.19,1,9499.95647,16101.927614415074
9500,0.19,2,10402.50267,17173.86017147452
9500,0.2,1,9499.6766,15933.001702457092
9500,0.2,2,10449.57719,17072.059382297866
10000,0.01,1,9999.88591,19814.222835699868
10000,0.01,2,10049.84947,19857.826488983876
10000,0.02,1,9999.77477,19708.34876493475
10000,0.02,2,10099.80372,19815.206506226543
10000,0.03,1,10000.34924,19456.30089443137
10000,0.03,2,10150.35332,19612.025505232494
10000,0.04,1,10000.3072,19189.64758463615
10000,0.04,2,10200.26429,19371.129872097372
10000,0.05,1,10000.12114,18992.980254902912
10000,0.05,2,10250.05815,19256.514173718922
10000,0.06,1,10000.53473,18675.295566782705
10000,0.06,2,10300.48599,19026.832172041482
10000,0.07,1,9999.98748,18720.0194234443
10000,0.07,2,10349.90819,19082.316224086193
10000,0.08,1,9999.62561,18526.26006472844
10000,0.08,2,10399.65879,18940.43755011143
10000,0.09,1,9999.17665,18499.681241589962
10000,0.09,2,10449.06319,19011.39159093966
10000,0.1,1,9998.86339,18156.578973497602
10000,0.1,2,10498.91198,18701.82991077858
10000,0.11,1,10000.44337,17982.876421807225
10000,0.11,2,10550.54976,18577.815762099952
10000,0.12,1,10000.38855,17731.035489252383
10000,0.12,2,10600.32112,18430.29176486327
10000,0.13,1,10000.33882,17773.05293153686
10000,0.13,2,10650.39365,18509.350263180233
10000,0.14,1,10000.99458,17650.47555537902
10000,0.14,2,10701.05469,18476.616345167295
10000,0.15,1,9999.99005,17606.505356050795
10000,0.15,2,10750.04328,18505.333980181276
10000,0.16,1,9999.9508,17446.111680477105
10000,0.16,2,10800.14204,18377.3174778131
10000,0.17,1,10000.05725,17219.818650624195
10000,0.17,2,10850.14781,18195.868420888015
10000,0.18,1,10000.22195,17013.419662395354
10000,0.18,2,10900.42326,18063.406605036853
10000,0.19,1,10000.11568,16898.68012493873
10000,0.19,2,10950.05187,18051.780357306652
10000,0.2,1,9999.81948,16916.438936918927
10000,0.2,2,10999.87235,18134.445539932778
10500,0.01,1,10500.2472,20626.513337293512
10500,0.01,2,10552.71848,20672.302649516034
10500,0.02,1,10500.27191,20576.56902064241
10500,0.02,2,10605.28093,20695.182400158883
10500,0.03,1,10500.19779,20452.163410749265
10500,0.03,2,10657.62143,20592.342958184687
10500,0.04,1,10499.14553,20307.41786519775
10500,0.04,2,10709.154270000001,20520.76759844269
10500,0.05,1,10500.62509,19782.218694678584
10500,0.05,2,10763.10863,20047.619045713862
10500,0.06,1,10499.40736,19811.647174301917
10500,0.06,2,10814.40034,20143.48344271872
10500,0.07,1,10500.23551,19730.950034540387
10500,0.07,2,10867.62128,20084.944540606943
10500,0.08,1,10500.63945,19472.210395801558
10500,0.08,2,10920.72197,19917.93674868607
10500,0.09,1,10500.41074,19442.488897541745
10500,0.09,2,10972.9576,19937.297475214382
10500,0.1,1,10500.11394,19113.206889745074
10500,0.1,2,11025.22662,19678.19432531882
10500,0.11,1,10500.35553,18912.4336127548
10500,0.11,2,11077.82689,19548.770390631802
10500,0.12,1,10500.27084,18730.44999019415
10500,0.12,2,11130.09893,19402.542628281673
10500,0.13,1,10500.01333,18711.196864279907
10500,0.13,2,11182.47903,19519.115971418454
10500,0.14,1,10499.24191,18515.02265977844
10500,0.14,2,11234.29005,19328.760468603494
10500,0.15,1,10499.5896,18519.289144731716
10500,0.15,2,11287.11752,19404.76259667617
10500,0.16,1,10499.9251,18161.312583115836
10500,0.16,2,11339.75676,19116.397098273264
10500,0.17,1,10499.75877,17892.11785926604
10500,0.17,2,11392.07634,18928.578197986528
10500,0.18,1,10500.29362,17978.8755360508
10500,0.18,2,11445.26162,19061.76581262462
10500,0.19,1,10499.76589,17766.37100621786
10500,0.19,2,11497.17689,18935.993659864445
10500,0.2,1,10499.90579,17610.33015777739
10500,0.2,2,11549.90829,18899.902538301278
11000,0.01,1,11000.06759,21659.13521294365
11000,0.01,2,11055.04261,21722.993964327456
11000,0.02,1,11000.21692,21566.15032721714
11000,0.02,2,11110.23245,21689.528672284356
11000,0.03,1,10999.98372,21290.119836160135
11000,0.03,2,11164.94456,21461.065797064253
11000,0.04,1,10999.75992,21318.68152840868
11000,0.04,2,11219.8168,21547.52413300132
11000,0.05,1,11000.57644,21014.274219668576
11000,0.05,2,11275.5249,21296.260622596237
11000,0.06,1,10999.76056,20886.46151310165
11000,0.06,2,11329.75806,21213.99266496322
11000,0.07,1,10999.78497,20770.442676525938
11000,0.07,2,11384.80168,21167.398883166414
11000,0.08,1,11000.62291,20446.620039332363
11000,0.08,2,11440.48754,20930.413748885734
11000,0.09,1,11000.75473,20183.868411310938
11000,0.09,2,11495.68487,20730.68028988629
11000,0.1,1,11000.162,20083.25974859753
11000,0.1,2,11550.14115,20712.76953437277
11000,0.11,1,11000.61831,19865.287815622236
11000,0.11,2,11605.5836,20513.908510125195
11000,0.12,1,11000.66594,19659.786601782605
11000,0.12,2,11660.53904,20372.261338491753
11000,0.13,1,11000.40329,19476.548732663356
11000,0.13,2,11715.53684,20285.355396368475
11000,0.14,1,11000.29086,19444.589706357663
11000,0.14,2,11770.42361,20341.346138029654
11000,0.15,1,10999.56666,19195.842814872514
11000,0.15,2,11824.47653,20139.06345979363
11000,0.16,1,10999.21861,19004.792087588812
11000,0.16,2,11879.37799,20036.86694222944
11000,0.17,1,10999.76431,18832.203162255526
11000,0.17,2,11934.76692,19930.482298536786
11000,0.18,1,11000.29853,18857.518265021794
11000,0.18,2,11990.15215,19981.448494862238
11000,0.19,1,11000.21221,18552.260619522047
11000,0.19,2,12045.06529,19758.810495321017
11000,0.2,1,10999.92255,18345.448085978718
11000,0.2,2,12099.72273,19641.277504122165
11500,0.01,1,11500.19813,22666.39263842976
11500,0.01,2,11557.68359,22732.352218234326
11500,0.02,1,11500.49475,22536.579978237256
11500,0.02,2,11615.48996,22664.422123419732
11500,0.03,1,11499.99471,22379.94318144752
11500,0.03,2,11672.54088,22566.915657982445
11500,0.04,1,11499.62208,22081.17716824511
11500,0.04,2,11729.61736,22342.279129421695
11500,0.05,1,11500.35519,21853.31564322071
11500,0.05,2,11787.79078,22143.13323832405
11500,0.06,1,11500.30213,21652.171509177948
11500,0.06,2,11845.28133,21985.979943230475
11500,0.07,1,11499.69523,21541.443299680228
11500,0.07,2,11902.20727,21972.37089285611
11500,0.08,1,11499.03999,21330.767638475845
11500,0.08,2,11959.08892,21844.90710230467
11500,0.09,1,11499.51238,21120.675293488184
11500,0.09,2,12016.79035,21697.39221079573
11500,0.1,1,11499.08666,20975.482444868343
11500,0.1,2,12074.02854,21580.451289981007
11500,0.11,1,11500.06065,20748.280354381106
11500,0.11,2,12132.41372,21448.690222663663
11500,0.12,1,11500.16366,20551.34062881038
11500,0.12,2,12190.36783,21345.563986730926
11500,0.13,1,11500.19013,20375.63957697905
11500,0.13,2,12247.66311,21212.12207634886
11500,0.14,1,11499.10663,20222.26360267933
11500,0.14,2,12304.07021,21123.435674912394
11500,0.15,1,11500.2441,20031.763732827552
11500,0.15,2,12362.76467,21001.932829119283
11500,0.16,1,11500.60493,19793.096260657647
11500,0.16,2,12420.63236,20848.517646007116
11500,0.17,1,11500.21571,19746.94772867319
11500,0.17,2,12477.64774,20889.219565088122
11500,0.18,1,11499.9976,19613.0607848476
11500,0.18,2,12534.98567,20901.162056271853
11500,0.19,1,11500.68533,19555.26572544845
11500,0.19,2,12593.07678,20818.48166964827
11500,0.2,1,11499.82824,19229.524053742745
11500,0.2,2,12649.67088,20605.73419736785
12000,0.01,1,12000.33443,23642.073087306115
12000,0.01,2,12060.36589,23708.424938757362
12000,0.02,1,11999.72875,23530.91906262967
12000,0.02,2,12119.76027,23666.948489012
12000,0.03,1,12000.6189,23401.669879489225
12000,0.03,2,12180.53844,23599.496717333677
12000,0.04,1,12000.18224,22952.488093463046
12000,0.04,2,12240.18019,23212.86309019498
12000,0.05,1,11999.31695,22815.347026167383
12000,0.05,2,12299.33301,23126.24791681987
12000,0.06,1,11999.48701,22721.33774463688
12000,0.06,2,12359.52998,23128.09046210426
12000,0.07,1,11999.29244,22535.740616252406
12000,0.07,2,12419.35712,22972.97421504755
12000,0.08,1,11999.58026,22107.981338145877
12000,0.08,2,12479.48139,22634.521098878406
12000,0.09,1,12000.06752,21959.04847153425
12000,0.09,2,12540.14077,22569.24914629856
12000,0.1,1,12000.59928,21894.06142410021
12000,0.1,2,12600.68081,22539.920266947036
12000,0.11,1,11999.78735,21483.44276440524
12000,0.11,2,12659.75686,22210.25536549378
12000,0.12,1,11999.83055,21409.49675166503
12000,0.12,2,12719.86177,22221.415376621266
12000,0.13,1,11999.97714,21331.721474634374
12000,0.13,2,12779.90592,22214.588454838344
12000,0.14,1,11999.94293,21147.447867493902
12000,0.14,2,12839.95096,22100.140396482195
12000,0.15,1,11999.53586,20977.131825378623
12000,0.15,2,12899.71712,22049.984878754483
12000,0.16,1,12000.55933,20977.495354904837
12000,0.16,2,12960.55399,22110.63299141046
12000,0.17,1,12000.70546,20528.392550112047
12000,0.17,2,13020.78189,21729.736935397334
12000,0.18,1,12000.21845,20401.507664674325
12000,0.18,2,13080.10668,21718.76866706393
12000,0.19,1,12000.91477,20317.6075419226
12000,0.19,2,13141.02389,21695.859977867985
12000,0.2,1,11999.24528,20163.376291484285
12000,0.2,2,13199.33698,21574.68959137563
12500,0.01,1,12499.53561,24916.684238770154
12500,0.01,2,12562.06308,24980.90568997037
12500,0.02,1,12500.02983,24448.637166543318
12500,0.02,2,12625.00193,24587.79846425989
12500,0.03,1,12500.1231,24271.275739147124
12500,0.03,2,12687.64421,24476.88449232149
12500,0.04,1,12500.01527,24091.08598768732
12500,0.04,2,12750.00607,24361.38612701612
12500,0.05,1,12500.42816,23828.50528406746
12500,0.05,2,12812.9245,24155.965619406317
12500,0.06,1,12500.44255,23568.877788275597
12500,0.06,2,12875.39272,24005.477365775296
12500,0.07,1,12500.19494,23550.725305649372
12500,0.07,2,12937.74831,24019.420976353496
12500,0.08,1,12500.4248,23306.022525185836
12500,0.08,2,13000.39771,23819.015646911925
12500,0.09,1,12500.09208,23024.15968287041
12500,0.09,2,13062.57178,23623.563463265993
12500,0.1,1,12500.2425,22817.41578790634
12500,0.1,2,13125.2964,23545.820425244263
12500,0.11,1,12500.02261,22536.11651995295
12500,0.11,2,13187.55257,23268.32523964741
12500,0.12,1,12499.9101,22266.676944759503
12500,0.12,2,13249.76149,23123.989682876585
12500,0.13,1,12500.44752,22006.08192666869
12500,0.13,2,13312.84326,22911.70508962303
12500,0.14,1,12499.79906,22134.28178593429
12500,0.14,2,13374.72428,23156.668905168197
12500,0.15,1,12499.54807,21876.628275557712
12500,0.15,2,13437.01124,22956.937443036735
12500,0.16,1,12500.91572,21645.418871070793
12500,0.16,2,13500.96501,22784.31832888356
12500,0.17,1,12499.0684,21508.313204571816
12500,0.17,2,13561.52801,22750.36523909213
12500,0.18,1,12499.38379,21170.856923805364
12500,0.18,2,13624.43789,22501.29913533935
12500,0.19,1,12500.22455,21331.381001107486
12500,0.19,2,13687.59308,22730.477580889885
12500,0.2,1,12500.09066,21084.340204166372
12500,0.2,2,13749.92254,22620.885088799267
13000,0.01,1,12999.76394,25718.256578242144
13000,0.01,2,13064.76417,25778.97526396399
13000,0.02,1,12999.49042,25588.335771581227
13000,0.02,2,13129.50328,25735.546324705025
13000,0.03,1,12999.28438,25089.18669988268
13000,0.03,2,13194.31193,25295.991689591898
13000,0.04,1,13000.25557,24912.685460829856
13000,0.04,2,13260.31029,25191.641766533405
13000,0.05,1,12999.19947,24831.969901417746
13000,0.05,2,13324.17924,25159.849011512728
13000,0.06,1,12999.69065,24645.528327860902
13000,0.06,2,13389.5993,25061.21889169881
13000,0.07,1,13000.93608,24292.645740691038
13000,0.07,2,13455.9004,24788.21728201242
13000,0.08,1,12999.98987,24147.754124924504
13000,0.08,2,13520.03943,24738.313058405565
13000,0.09,1,12999.86462,23850.630158557327
13000,0.09,2,13584.90503,24477.88492954841
13000,0.1,1,12999.63551,23705.035987399406
13000,0.1,2,13649.48044,24450.87150612187
13000,0.11,1,13000.80644,23393.82815280822
13000,0.11,2,13715.69473,24206.303343260344
13000,0.12,1,13000.0841,23098.109188282193
13000,0.12,2,13780.16646,23977.26598372854
13000,0.13,1,13000.5236,23034.855211592134
13000,0.13,2,13845.46201,23980.824645006145
13000,0.14,1,12999.11496,22946.882633024496
13000,0.14,2,13909.14474,23971.72776760962
13000,0.15,1,13000.07468,22713.68703976811
13000,0.15,2,13975.12185,23872.387466452266
13000,0.16,1,12999.82935,22531.015758735353
13000,0.16,2,14040.04492,23699.758519778912
13000,0.17,1,12999.42055,22520.27987049626
13000,0.17,2,14104.29622,23790.583759549292
13000,0.18,1,12999.46847,22273.35779943681
13000,0.18,2,14169.6018,23624.943286192807
13000,0.19,1,13000.23562,21974.589829113895
13000,0.19,2,14235.29562,23429.313781953493
13000,0.2,1,12999.54545,21866.223816535665
13000,0.2,2,14299.88068,23415.64381917604
13500,0.01,1,13499.59202,26509.033142651184
13500,0.01,2,13567.1264,26567.74770051699
13500,0.02,1,13499.67501,26533.700588504224
13500,0.02,2,13634.63895,26692.214675044605
13500,0.03,1,13500.49666,26120.055549399272
13500,0.03,2,13703.03418,26341.679468521987
13500,0.04,1,13499.52878,26078.024611957273
13500,0.04,2,13769.42808,26358.15490906344
13500,0.05,1,13499.75665,25853.576846545977
13500,0.05,2,13837.21618,26205.447520682777
13500,0.06,1,13500.61571,25575.49078610427
13500,0.06,2,13905.63518,26012.082307191406
13500,0.07,1,13499.46254,24946.316519914
13500,0.07,2,13971.95599,25426.8442815629
13500,0.08,1,13501.25025,25214.55227045996
13500,0.08,2,14041.21827,25820.16226982974
13500,0.09,1,13499.84271,24827.23972225298
13500,0.09,2,14107.32199,25464.81944063429
13500,0.1,1,13500.42552,24368.25125524247
13500,0.1,2,14175.50712,25148.463013935983
13500,0.11,1,13499.58138,24325.617133467516
13500,0.11,2,14242.02047,25108.81225910162
13500,0.12,1,13500.47681,24191.058592809866
13500,0.12,2,14310.41943,25080.142569901025
13500,0.13,1,13500.43262,23971.201811953448
13500,0.13,2,14377.92714,24935.888170301918
13500,0.14,1,13500.24212,23500.058498490627
13500,0.14,2,14445.21671,24606.723274008702
13500,0.15,1,13499.64069,23509.643042754342
13500,0.15,2,14511.95571,24636.325871655165
13500,0.16,1,13500.93752,23464.5344415944
13500,0.16,2,14581.10906,24758.086346779743
13500,0.17,1,13501.07001,23157.647925079353
13500,0.17,2,14648.65534,24520.55353501979
13500,0.18,1,13500.0572,23031.648784647976
13500,0.18,2,14714.96565,24483.444204519612
13500,0.19,1,13499.68139,23054.43050197331
13500,0.19,2,14782.20983,24587.34289480027
13500,0.2,1,13500.55092,22803.26065976113
13500,0.2,2,14850.61148,24481.78643007376
14000,0.01,1,14001.48982,27718.625542623748
14000,0.01,2,14071.49708,27786.209933573067
14000,0.02,1,14000.527,27523.09382193808
14000,0.02,2,14140.48279,27674.83439215956
14000,0.03,1,14000.06802,27037.220405483327
14000,0.03,2,14210.05312,27266.34774173975
14000,0.04,1,13999.76132,26895.62044806142
14000,0.04,2,14279.82521,27197.957498031024
14000,0.05,1,14000.15973,26587.07386706569
14000,0.05,2,14350.12581,26951.766859512838
14000,0.06,1,14000.25795,26366.168893485963
14000,0.06,2,14420.2841,26833.007457264852
14000,0.07,1,13999.76613,26174.27839760692
14000,0.07,2,14489.80282,26690.8463485109
14000,0.08,1,13999.20154,26022.361365242028
14000,0.08,2,14559.38767,26632.36232559458
14000,0.09,1,14000.10224,25709.69916397408
14000,0.09,2,14629.98261,26398.877136359435
14000,0.1,1,14000.06412,25631.485503480184
14000,0.1,2,14700.02116,26395.515687411407
14000,0.11,1,14000.04801,25087.361998659817
14000,0.11,2,14770.06279,26010.615573571682
14000,0.12,1,13999.33173,25040.99365514285
14000,0.12,2,14839.36381,25965.551867802136
14000,0.13,1,13999.70764,24713.85512418142
14000,0.13,2,14909.69724,25714.386120243264
14000,0.14,1,13999.78712,24628.80321013794
14000,0.14,2,14979.77474,25777.821256144867
14000,0.15,1,13999.2014,24509.005608095984
14000,0.15,2,15048.97755,25718.585771851314
14000,0.16,1,14000.69145,24208.217709082088
14000,0.16,2,15120.73066,25555.91939515885
14000,0.17,1,13999.33802,23991.03235280307
14000,0.17,2,15189.22387,25371.03170254041
14000,0.18,1,14000.21091,23804.354490516893
14000,0.18,2,15260.31355,25282.51206151813
14000,0.19,1,13999.78491,23766.22750856667
14000,0.19,2,15329.89294,25301.464172798453
14000,0.2,1,13999.14428,23476.0789040706
14000,0.2,2,15399.30792,25157.336018633814
14500,0.01,1,14499.64378,28803.30652037638
14500,0.01,2,14572.17167,28877.289312303907
14500,0.02,1,14500.83445,28612.014323340507
14500,0.02,2,14645.83194,28773.601011846942
14500,0.03,1,14500.09107,28468.798604241394
14500,0.03,2,14717.60398,28665.50900324932
14500,0.04,1,14499.64358,27972.175126534705
14500,0.04,2,14789.6655,28251.617885929303
14500,0.05,1,14500.52042,27495.265795681098
14500,0.05,2,14862.92966,27897.910151385855
14500,0.06,1,14501.25604,27168.081844338154
14500,0.06,2,14936.22425,27637.83264026437
14500,0.07,1,14500.15543,26900.994541460626
14500,0.07,2,15007.63898,27440.852553085053
14500,0.08,1,14500.2225,27013.839212142473
14500,0.08,2,15080.25337,27627.622869871902
14500,0.09,1,14499.14036,26569.199511065573
14500,0.09,2,15151.66345,27257.371517813055
14500,0.1,1,14499.71267,26251.879730268374
14500,0.1,2,15224.65742,27036.766726610927
14500,0.11,1,14499.54805,26338.297114168567
14500,0.11,2,15297.13962,27205.343819694244
14500,0.12,1,14500.39721,26019.049324709373
14500,0.12,2,15370.11301,26966.73790611879
14500,0.13,1,14501.47282,25815.430135548948
14500,0.13,2,15443.85259,26919.246892760362
14500,0.14,1,14500.10875,25380.997073407336
14500,0.14,2,15514.88457,26563.545961374348
14500,0.15,1,14500.48498,25198.239076790167
14500,0.15,2,15587.81891,26431.878535198055
14500,0.16,1,14499.67116,25156.87891304351
14500,0.16,2,15659.59628,26400.1540917028
14500,0.17,1,14499.88263,24896.297597259276
14500,0.17,2,15732.42833,26300.84099182097
14500,0.18,1,14500.38272,24714.401469416323
14500,0.18,2,15805.47363,26233.4409390321
14500,0.19,1,14500.01321,24620.5428209244
14500,0.19,2,15877.58197,26326.202222941003
14500,0.2,1,14500.43178,24392.636792399484
14500,0.2,2,15950.472,26190.809804097975
15000,0.01,1,15000.48434,29847.985994624054
15000,0.01,2,15075.4606,29906.167949318868
15000,0.02,1,15000.20167,29435.70969630758
15000,0.02,2,15150.19586,29568.78976675842
15000,0.03,1,14998.99783,29027.353398824707
15000,0.03,2,15223.93593,29265.16055664045
15000,0.04,1,14999.67003,28828.283972638856
15000,0.04,2,15299.69893,29128.237809234924
15000,0.05,1,15000.7101,28604.247260462504
15000,0.05,2,15375.66291,29020.078421116075
15000,0.06,1,14999.93547,28231.769243571936
15000,0.06,2,15449.87892,28714.51732480684
15000,0.07,1,14999.66848,28000.861743107525
15000,0.07,2,15524.71501,28552.316893867315
15000,0.08,1,15000.31059,27799.957843430355
15000,0.08,2,15600.32607,28483.85598691514
15000,0.09,1,15000.51034,27414.86508173555
15000,0.09,2,15675.42607,28144.266677022344
15000,0.1,1,14999.47082,27345.685045378028
15000,0.1,2,15749.32705,28164.652314820753
15000,0.11,1,15000.18173,26968.689851105362
15000,0.11,2,15825.22518,27894.86944266249
15000,0.12,1,14999.68872,26980.43032906495
15000,0.12,2,15899.69592,27964.33913874543
15000,0.13,1,14998.75065,26728.079575373606
15000,0.13,2,15973.9062,27830.326404824078
15000,0.14,1,15000.65773,26422.408745334793
15000,0.14,2,16050.38007,27632.773184526843
15000,0.15,1,15000.65264,25939.251073545947
15000,0.15,2,16125.86857,27229.582871983523
15000,0.16,1,14999.64314,25937.096341904045
15000,0.16,2,16199.88133,27360.93775680782
15000,0.17,1,14999.71198,25638.577790257386
15000,0.17,2,16274.72393,27064.04495580432
15000,0.18,1,15001.27706,25675.546953226123
15000,0.18,2,16351.52117,27207.061722448256
15000,0.19,1,15000.52773,25160.830739353907
15000,0.19,2,16425.5313,26841.07117102169
15000,0.2,1,14999.95674,25429.573264305298
15000,0.2,2,16499.76653,27203.34173517611
